timestamp,project_name,run_id,experiment_id,duration,emissions,emissions_rate,cpu_power,gpu_power,ram_power,cpu_energy,gpu_energy,ram_energy,energy_consumed,country_name,country_iso_code,region,cloud_provider,cloud_region,os,python_version,codecarbon_version,cpu_count,cpu_model,gpu_count,gpu_model,longitude,latitude,ram_total_size,tracking_mode,on_cloud,pue
2026-02-20T20:51:53,codecarbon,f1d04273-00d2-4b78-8700-354d40af5e0b,f1d04273-00d2-4b78-8700-354d40af5e0b,0.0041735172271728,1.4037612720324735e-09,0.0003363497011328,22.5,0.0,5.91331958770752,1.983642578125e-08,0.0,5.213294449883202e-09,2.5049720231133202e-08,France,FRA,île-de-france,,,Windows-10-10.0.26200-SP0,3.9.13,2.7.2,12,11th Gen Intel(R) Core(TM) i5-11400H @ 2.70GHz,1,1 x GeForce RTX 3050 Ti Laptop GPU,2.3494,48.8558,15.76885223388672,machine,N,1
2026-02-20T20:51:54,codecarbon,f1d04273-00d2-4b78-8700-354d40af5e0b,f1d04273-00d2-4b78-8700-354d40af5e0b,1.0319185256958008,6.928855388336761e-07,0.0006714537258321,22.5,14.852747583627274,5.91331958770752,6.439989805221557e-06,4.233614498000002e-06,1.6907408641382442e-06,1.2364345167359805e-05,France,FRA,île-de-france,,,Windows-10-10.0.26200-SP0,3.9.13,2.7.2,12,11th Gen Intel(R) Core(TM) i5-11400H @ 2.70GHz,1,1 x GeForce RTX 3050 Ti Laptop GPU,2.3494,48.8558,15.76885223388672,machine,N,1
2026-02-20T20:51:55,codecarbon,f1d04273-00d2-4b78-8700-354d40af5e0b,f1d04273-00d2-4b78-8700-354d40af5e0b,2.026533842086792,1.3462138498888193e-06,0.0006642937916608,22.5,13.804082137407278,5.91331958770752,1.2656335532665251e-05,8.043617545999998e-06,3.322849788780976e-06,2.4022802867446223e-05,France,FRA,île-de-france,,,Windows-10-10.0.26200-SP0,3.9.13,2.7.2,12,11th Gen Intel(R) Core(TM) i5-11400H @ 2.70GHz,1,1 x GeForce RTX 3050 Ti Laptop GPU,2.3494,48.8558,15.76885223388672,machine,N,1
2026-02-20T20:51:56,codecarbon,f1d04273-00d2-4b78-8700-354d40af5e0b,f1d04273-00d2-4b78-8700-354d40af5e0b,3.026712417602539,2.0012398649580995e-06,0.0006611926040014,22.5,13.67820315839813,5.91331958770752,1.890745162963867e-05,1.1840009472000002e-05,4.964094510668815e-06,3.571155561230749e-05,France,FRA,île-de-france,,,Windows-10-10.0.26200-SP0,3.9.13,2.7.2,12,11th Gen Intel(R) Core(TM) i5-11400H @ 2.70GHz,1,1 x GeForce RTX 3050 Ti Laptop GPU,2.3494,48.8558,15.76885223388672,machine,N,1
2026-02-20T20:51:58,codecarbon,f1d04273-00d2-4b78-8700-354d40af5e0b,f1d04273-00d2-4b78-8700-354d40af5e0b,4.522434949874878,2.705579945666654e-07,5.982573493382164e-05,22.5,151.7750547952832,5.91331958770752,2.8255717456340787e-05,-3.0022801796e-05,6.59511472147661e-06,4.828030381817401e-06,France,FRA,île-de-france,,,Windows-10-10.0.26200-SP0,3.9.13,2.7.2,12,11th Gen Intel(R) Core(TM) i5-11400H @ 2.70GHz,1,1 x GeForce RTX 3050 Ti Laptop GPU,2.3494,48.8558,15.76885223388672,machine,N,1
2026-02-20T20:51:58,codecarbon,f1d04273-00d2-4b78-8700-354d40af5e0b,f1d04273-00d2-4b78-8700-354d40af5e0b,5.027735710144043,5.869554331803438e-07,0.0001167434938944,22.5,11.868707035119863,5.91331958770752,3.141384720802307e-05,-2.8362244912e-05,7.422450295571063e-06,1.0474052591594137e-05,France,FRA,île-de-france,,,Windows-10-10.0.26200-SP0,3.9.13,2.7.2,12,11th Gen Intel(R) Core(TM) i5-11400H @ 2.70GHz,1,1 x GeForce RTX 3050 Ti Laptop GPU,2.3494,48.8558,15.76885223388672,machine,N,1
2026-02-20T20:51:59,codecarbon,f1d04273-00d2-4b78-8700-354d40af5e0b,f1d04273-00d2-4b78-8700-354d40af5e0b,6.026672601699829,1.2641236304267073e-06,0.000209754820607,22.5,15.262955121716764,5.91331958770752,3.765124231576919e-05,-2.4148352652e-05,9.055036609481704e-06,2.25579262732509e-05,France,FRA,île-de-france,,,Windows-10-10.0.26200-SP0,3.9.13,2.7.2,12,11th Gen Intel(R) Core(TM) i5-11400H @ 2.70GHz,1,1 x GeForce RTX 3050 Ti Laptop GPU,2.3494,48.8558,15.76885223388672,machine,N,1
2026-02-20T20:52:00,codecarbon,f1d04273-00d2-4b78-8700-354d40af5e0b,f1d04273-00d2-4b78-8700-354d40af5e0b,7.033347845077515,1.923079104760697e-06,0.0002734230052487,22.5,13.698946783971106,5.91331958770752,4.393678605556488e-05,-2.0325294038e-05,1.0705307082360112e-05,3.431679909992499e-05,France,FRA,île-de-france,,,Windows-10-10.0.26200-SP0,3.9.13,2.7.2,12,11th Gen Intel(R) Core(TM) i5-11400H @ 2.70GHz,1,1 x GeForce RTX 3050 Ti Laptop GPU,2.3494,48.8558,15.76885223388672,machine,N,1
2026-02-20T20:52:01,codecarbon,f1d04273-00d2-4b78-8700-354d40af5e0b,f1d04273-00d2-4b78-8700-354d40af5e0b,8.027298927307129,2.574373909893103e-06,0.0003207023848502,22.5,13.760272917191845,5.91331958770752,5.014898031949997e-05,-1.6541402121999998e-05,1.233139126828462e-05,4.5938969465784594e-05,France,FRA,île-de-france,,,Windows-10-10.0.26200-SP0,3.9.13,2.7.2,12,11th Gen Intel(R) Core(TM) i5-11400H @ 2.70GHz,1,1 x GeForce RTX 3050 Ti Laptop GPU,2.3494,48.8558,15.76885223388672,machine,N,1
2026-02-20T20:52:02,codecarbon,f1d04273-00d2-4b78-8700-354d40af5e0b,f1d04273-00d2-4b78-8700-354d40af5e0b,9.02089786529541,3.2276135895791337e-06,0.0003577929423185,22.5,13.875003964782872,5.91331958770752,5.635267496109009e-05,-1.2717787952e-05,1.3960958555233562e-05,5.759584556432366e-05,France,FRA,île-de-france,,,Windows-10-10.0.26200-SP0,3.9.13,2.7.2,12,11th Gen Intel(R) Core(TM) i5-11400H @ 2.70GHz,1,1 x GeForce RTX 3050 Ti Laptop GPU,2.3494,48.8558,15.76885223388672,machine,N,1
2026-02-20T20:52:03,codecarbon,f1d04273-00d2-4b78-8700-354d40af5e0b,f1d04273-00d2-4b78-8700-354d40af5e0b,10.03275442123413,3.912960956686097e-06,0.000390018612277,22.5,15.13980178144728,5.91331958770752,6.26767784357071e-05,-8.470840109999996e-06,1.5619735877724378e-05,6.982567420343149e-05,France,FRA,île-de-france,,,Windows-10-10.0.26200-SP0,3.9.13,2.7.2,12,11th Gen Intel(R) Core(TM) i5-11400H @ 2.70GHz,1,1 x GeForce RTX 3050 Ti Laptop GPU,2.3494,48.8558,15.76885223388672,machine,N,1
2026-02-20T20:52:04,codecarbon,f1d04273-00d2-4b78-8700-354d40af5e0b,f1d04273-00d2-4b78-8700-354d40af5e0b,11.028831958770752,4.566571254832207e-06,0.0004140575603929,22.5,13.761693033781016,5.91331958770752,6.890226304531098e-05,-4.667225955999997e-06,1.7254126793559977e-05,8.148916388287097e-05,France,FRA,île-de-france,,,Windows-10-10.0.26200-SP0,3.9.13,2.7.2,12,11th Gen Intel(R) Core(TM) i5-11400H @ 2.70GHz,1,1 x GeForce RTX 3050 Ti Laptop GPU,2.3494,48.8558,15.76885223388672,machine,N,1
2026-02-20T20:52:05,codecarbon,f1d04273-00d2-4b78-8700-354d40af5e0b,f1d04273-00d2-4b78-8700-354d40af5e0b,12.024032592773438,5.2191394180580575e-06,0.0004340589879301,22.5,13.772713774532706,5.91331958770752,7.511601746082306e-05,-8.675006939999957e-07,1.888554019454413e-05,9.31340569613672e-05,France,FRA,île-de-france,,,Windows-10-10.0.26200-SP0,3.9.13,2.7.2,12,11th Gen Intel(R) Core(TM) i5-11400H @ 2.70GHz,1,1 x GeForce RTX 3050 Ti Laptop GPU,2.3494,48.8558,15.76885223388672,machine,N,1
2026-02-20T20:52:06,codecarbon,f1d04273-00d2-4b78-8700-354d40af5e0b,f1d04273-00d2-4b78-8700-354d40af5e0b,13.023695468902588,5.896319224638055e-06,0.0004527377992457,22.5,15.189942230876982,5.91331958770752,8.136391043663025e-05,3.333335999999997e-06,2.052089137164709e-05,0.0001052181378082,France,FRA,île-de-france,,,Windows-10-10.0.26200-SP0,3.9.13,2.7.2,12,11th Gen Intel(R) Core(TM) i5-11400H @ 2.70GHz,1,1 x GeForce RTX 3050 Ti Laptop GPU,2.3494,48.8558,15.76885223388672,machine,N,1
2026-02-20T20:52:07,codecarbon,f1d04273-00d2-4b78-8700-354d40af5e0b,f1d04273-00d2-4b78-8700-354d40af5e0b,14.027734279632568,6.553249032582766e-06,0.0004671637558816,22.5,13.667815788449412,5.91331958770752,8.763183355331421e-05,7.140839046000001e-06,2.216819059565296e-05,0.0001169408631949,France,FRA,île-de-france,,,Windows-10-10.0.26200-SP0,3.9.13,2.7.2,12,11th Gen Intel(R) Core(TM) i5-11400H @ 2.70GHz,1,1 x GeForce RTX 3050 Ti Laptop GPU,2.3494,48.8558,15.76885223388672,machine,N,1
2026-02-20T20:52:08,codecarbon,f1d04273-00d2-4b78-8700-354d40af5e0b,f1d04273-00d2-4b78-8700-354d40af5e0b,15.026875972747805,7.20535459534635e-06,0.0004794978416281,22.5,13.634843993622788,5.91331958770752,9.387021958827972e-05,1.0906119836000003e-05,2.380116187564264e-05,0.0001285775012999,France,FRA,île-de-france,,,Windows-10-10.0.26200-SP0,3.9.13,2.7.2,12,11th Gen Intel(R) Core(TM) i5-11400H @ 2.70GHz,1,1 x GeForce RTX 3050 Ti Laptop GPU,2.3494,48.8558,15.76885223388672,machine,N,1
2026-02-20T20:52:10,codecarbon,f1d04273-00d2-4b78-8700-354d40af5e0b,f1d04273-00d2-4b78-8700-354d40af5e0b,16.52327823638916,5.527013190274681e-06,0.0003344985850388,22.5,148.1724068430013,5.91331958770752,0.0001032164767384,-3.0023079574e-05,2.543457960662939e-05,9.86279767710823e-05,France,FRA,île-de-france,,,Windows-10-10.0.26200-SP0,3.9.13,2.7.2,12,11th Gen Intel(R) Core(TM) i5-11400H @ 2.70GHz,1,1 x GeForce RTX 3050 Ti Laptop GPU,2.3494,48.8558,15.76885223388672,machine,N,1
2026-02-20T20:52:10,codecarbon,f1d04273-00d2-4b78-8700-354d40af5e0b,f1d04273-00d2-4b78-8700-354d40af5e0b,17.029796361923218,5.842434509092903e-06,0.0003430713077788,22.5,11.716296379182976,5.91331958770752,0.0001063723400235,-2.8379744926e-05,2.6263985303504943e-05,0.000104256580401,France,FRA,île-de-france,,,Windows-10-10.0.26200-SP0,3.9.13,2.7.2,12,11th Gen Intel(R) Core(TM) i5-11400H @ 2.70GHz,1,1 x GeForce RTX 3050 Ti Laptop GPU,2.3494,48.8558,15.76885223388672,machine,N,1
2026-02-20T20:52:11,codecarbon,f1d04273-00d2-4b78-8700-354d40af5e0b,f1d04273-00d2-4b78-8700-354d40af5e0b,18.025925397872925,6.5183376638276535e-06,0.0003616090447482,22.5,15.26116781557542,5.91331958770752,0.0001125981464982,-2.4173908228e-05,2.789364148902962e-05,0.0001163178797592,France,FRA,île-de-france,,,Windows-10-10.0.26200-SP0,3.9.13,2.7.2,12,11th Gen Intel(R) Core(TM) i5-11400H @ 2.70GHz,1,1 x GeForce RTX 3050 Ti Laptop GPU,2.3494,48.8558,15.76885223388672,machine,N,1
2026-02-20T20:52:12,codecarbon,f1d04273-00d2-4b78-8700-354d40af5e0b,f1d04273-00d2-4b78-8700-354d40af5e0b,19.02036213874817,7.171420346049574e-06,0.0003770391064973,22.5,13.817785975131182,5.91331958770752,0.0001188101410865,-2.0362794068e-05,2.9524607264145667e-05,0.0001279719542827,France,FRA,île-de-france,,,Windows-10-10.0.26200-SP0,3.9.13,2.7.2,12,11th Gen Intel(R) Core(TM) i5-11400H @ 2.70GHz,1,1 x GeForce RTX 3050 Ti Laptop GPU,2.3494,48.8558,15.76885223388672,machine,N,1
2026-02-20T20:52:13,codecarbon,f1d04273-00d2-4b78-8700-354d40af5e0b,f1d04273-00d2-4b78-8700-354d40af5e0b,20.0280601978302,7.828789849794536e-06,0.0003908910684541,22.5,13.494132251070512,5.91331958770752,0.0001251082539558,-1.6585568824e-05,3.11798407839414e-05,0.0001397025259157,France,FRA,île-de-france,,,Windows-10-10.0.26200-SP0,3.9.13,2.7.2,12,11th Gen Intel(R) Core(TM) i5-11400H @ 2.70GHz,1,1 x GeForce RTX 3050 Ti Laptop GPU,2.3494,48.8558,15.76885223388672,machine,N,1
2026-02-20T20:52:14,codecarbon,f1d04273-00d2-4b78-8700-354d40af5e0b,f1d04273-00d2-4b78-8700-354d40af5e0b,21.02072668075561,8.479705872612426e-06,0.000403397370671,22.5,13.783705176720805,5.91331958770752,0.0001313061326742,-1.2794454679999998e-05,3.280625902486634e-05,0.000151317937019,France,FRA,île-de-france,,,Windows-10-10.0.26200-SP0,3.9.13,2.7.2,12,11th Gen Intel(R) Core(TM) i5-11400H @ 2.70GHz,1,1 x GeForce RTX 3050 Ti Laptop GPU,2.3494,48.8558,15.76885223388672,machine,N,1
2026-02-20T20:52:15,codecarbon,f1d04273-00d2-4b78-8700-354d40af5e0b,f1d04273-00d2-4b78-8700-354d40af5e0b,22.045222997665405,9.169156900893916e-06,0.0004159248877575,22.5,14.840405967476023,5.91331958770752,0.0001377092346549,-8.575562415999999e-06,3.44873220845841e-05,0.0001636209943234,France,FRA,île-de-france,,,Windows-10-10.0.26200-SP0,3.9.13,2.7.2,12,11th Gen Intel(R) Core(TM) i5-11400H @ 2.70GHz,1,1 x GeForce RTX 3050 Ti Laptop GPU,2.3494,48.8558,15.76885223388672,machine,N,1
2026-02-20T20:52:16,codecarbon,f1d04273-00d2-4b78-8700-354d40af5e0b,f1d04273-00d2-4b78-8700-354d40af5e0b,23.045498847961422,9.823042608093829e-06,0.0004262456053956,22.5,13.600858944998864,5.91331958770752,0.0001439609587192,-4.800281617999997e-06,3.612872149782618e-05,0.000175289398599,France,FRA,île-de-france,,,Windows-10-10.0.26200-SP0,3.9.13,2.7.2,12,11th Gen Intel(R) Core(TM) i5-11400H @ 2.70GHz,1,1 x GeForce RTX 3050 Ti Laptop GPU,2.3494,48.8558,15.76885223388672,machine,N,1
2026-02-20T20:52:17,codecarbon,f1d04273-00d2-4b78-8700-354d40af5e0b,f1d04273-00d2-4b78-8700-354d40af5e0b,24.042441606521606,1.0478582520621898e-05,0.0004358368709848,22.5,13.848261805212031,5.91331958770752,0.0001501918509602,-9.691674419999952e-07,3.776463817952542e-05,0.0001869873216977,France,FRA,île-de-france,,,Windows-10-10.0.26200-SP0,3.9.13,2.7.2,12,11th Gen Intel(R) Core(TM) i5-11400H @ 2.70GHz,1,1 x GeForce RTX 3050 Ti Laptop GPU,2.3494,48.8558,15.76885223388672,machine,N,1
2026-02-20T20:52:18,codecarbon,f1d04273-00d2-4b78-8700-354d40af5e0b,f1d04273-00d2-4b78-8700-354d40af5e0b,25.045285940170288,1.1158300218077465e-05,0.0004455249680412,22.5,15.194119299223402,5.91331958770752,0.0001564534530043,3.254724826000003e-06,3.9408512654435416e-05,0.0001991166904847,France,FRA,île-de-france,,,Windows-10-10.0.26200-SP0,3.9.13,2.7.2,12,11th Gen Intel(R) Core(TM) i5-11400H @ 2.70GHz,1,1 x GeForce RTX 3050 Ti Laptop GPU,2.3494,48.8558,15.76885223388672,machine,N,1
2026-02-20T20:52:19,codecarbon,f1d04273-00d2-4b78-8700-354d40af5e0b,f1d04273-00d2-4b78-8700-354d40af5e0b,26.039936304092407,1.181058395693124e-05,0.0004535565609304,22.5,13.735394970532036,5.91331958770752,0.0001626700177788,7.045838969999998e-06,4.104065134247795e-05,0.0002107565080913,France,FRA,île-de-france,,,Windows-10-10.0.26200-SP0,3.9.13,2.7.2,12,11th Gen Intel(R) Core(TM) i5-11400H @ 2.70GHz,1,1 x GeForce RTX 3050 Ti Laptop GPU,2.3494,48.8558,15.76885223388672,machine,N,1
2026-02-20T20:52:20,codecarbon,f1d04273-00d2-4b78-8700-354d40af5e0b,f1d04273-00d2-4b78-8700-354d40af5e0b,27.046382188797,1.2468428349576588e-05,0.0004610017067177,22.5,13.595971101043142,5.91331958770752,0.0001689603045582,1.084306423e-05,4.2692185193353305e-05,0.0002224955539816,France,FRA,île-de-france,,,Windows-10-10.0.26200-SP0,3.9.13,2.7.2,12,11th Gen Intel(R) Core(TM) i5-11400H @ 2.70GHz,1,1 x GeForce RTX 3050 Ti Laptop GPU,2.3494,48.8558,15.76885223388672,machine,N,1
2026-02-20T20:52:22,codecarbon,f1d04273-00d2-4b78-8700-354d40af5e0b,f1d04273-00d2-4b78-8700-354d40af5e0b,28.55003333091736,1.0796434358742404e-05,0.0003781583801883,22.5,147.2401599816019,5.91331958770752,0.0001783486977219,-3.0022801796e-05,4.433340132671239e-05,0.0001926592972526,France,FRA,île-de-france,,,Windows-10-10.0.26200-SP0,3.9.13,2.7.2,12,11th Gen Intel(R) Core(TM) i5-11400H @ 2.70GHz,1,1 x GeForce RTX 3050 Ti Laptop GPU,2.3494,48.8558,15.76885223388672,machine,N,1
2026-02-20T20:52:22,codecarbon,f1d04273-00d2-4b78-8700-354d40af5e0b,f1d04273-00d2-4b78-8700-354d40af5e0b,29.039838552474976,1.1105098141922031e-05,0.0003824090868086,22.5,12.34823740185028,5.91331958770752,0.000181400540471,-2.8361967134000003e-05,4.512874124601752e-05,0.000198167314583,France,FRA,île-de-france,,,Windows-10-10.0.26200-SP0,3.9.13,2.7.2,12,11th Gen Intel(R) Core(TM) i5-11400H @ 2.70GHz,1,1 x GeForce RTX 3050 Ti Laptop GPU,2.3494,48.8558,15.76885223388672,machine,N,1
2026-02-20T20:52:23,codecarbon,f1d04273-00d2-4b78-8700-354d40af5e0b,f1d04273-00d2-4b78-8700-354d40af5e0b,30.04370951652527,1.1762597420538169e-05,0.0003915161479666,22.5,13.681752998043226,5.91331958770752,0.0001876747339963,-2.4550575196e-05,4.677604321138915e-05,0.0002099002020117,France,FRA,île-de-france,,,Windows-10-10.0.26200-SP0,3.9.13,2.7.2,12,11th Gen Intel(R) Core(TM) i5-11400H @ 2.70GHz,1,1 x GeForce RTX 3050 Ti Laptop GPU,2.3494,48.8558,15.76885223388672,machine,N,1
2026-02-20T20:52:24,codecarbon,f1d04273-00d2-4b78-8700-354d40af5e0b,f1d04273-00d2-4b78-8700-354d40af5e0b,31.04199433326721,1.243988270742104e-05,0.0004007436691684,22.5,15.225082477811853,5.91331958770752,0.000193914014101,-2.0339460716e-05,4.841161173963542e-05,0.0002219861651246,France,FRA,île-de-france,,,Windows-10-10.0.26200-SP0,3.9.13,2.7.2,12,11th Gen Intel(R) Core(TM) i5-11400H @ 2.70GHz,1,1 x GeForce RTX 3050 Ti Laptop GPU,2.3494,48.8558,15.76885223388672,machine,N,1
2026-02-20T20:52:25,codecarbon,f1d04273-00d2-4b78-8700-354d40af5e0b,f1d04273-00d2-4b78-8700-354d40af5e0b,32.03494215011597,1.3091521300657034e-05,0.0004086638033966,22.5,13.807875262585624,5.91331958770752,0.0002001137480139,-1.6538624341999998e-05,5.003934661937801e-05,0.0002336144702913,France,FRA,île-de-france,,,Windows-10-10.0.26200-SP0,3.9.13,2.7.2,12,11th Gen Intel(R) Core(TM) i5-11400H @ 2.70GHz,1,1 x GeForce RTX 3050 Ti Laptop GPU,2.3494,48.8558,15.76885223388672,machine,N,1
2026-02-20T20:52:26,codecarbon,f1d04273-00d2-4b78-8700-354d40af5e0b,f1d04273-00d2-4b78-8700-354d40af5e0b,33.04715323448181,1.3752678770144773e-05,0.0004161532060738,22.5,13.566852639746402,5.91331958770752,0.0002064400672912,-1.2727787960000002e-05,5.1700357763348856e-05,0.0002454126370946,France,FRA,île-de-france,,,Windows-10-10.0.26200-SP0,3.9.13,2.7.2,12,11th Gen Intel(R) Core(TM) i5-11400H @ 2.70GHz,1,1 x GeForce RTX 3050 Ti Laptop GPU,2.3494,48.8558,15.76885223388672,machine,N,1
2026-02-20T20:52:27,codecarbon,f1d04273-00d2-4b78-8700-354d40af5e0b,f1d04273-00d2-4b78-8700-354d40af5e0b,34.037519454956055,1.442759755311286e-05,0.0004238733545846,22.5,15.391940613086415,5.91331958770752,0.0002126298561692,-8.498617910000001e-06,5.332513235968199e-05,0.0002574563706189,France,FRA,île-de-france,,,Windows-10-10.0.26200-SP0,3.9.13,2.7.2,12,11th Gen Intel(R) Core(TM) i5-11400H @ 2.70GHz,1,1 x GeForce RTX 3050 Ti Laptop GPU,2.3494,48.8558,15.76885223388672,machine,N,1
2026-02-20T20:52:28,codecarbon,f1d04273-00d2-4b78-8700-354d40af5e0b,f1d04273-00d2-4b78-8700-354d40af5e0b,35.03488516807556,1.5082149736678035e-05,0.0004304894868164,22.5,13.789123622850722,5.91331958770752,0.0002188571423292,-4.682225967999998e-06,5.496175161426607e-05,0.0002691366679754,France,FRA,île-de-france,,,Windows-10-10.0.26200-SP0,3.9.13,2.7.2,12,11th Gen Intel(R) Core(TM) i5-11400H @ 2.70GHz,1,1 x GeForce RTX 3050 Ti Laptop GPU,2.3494,48.8558,15.76885223388672,machine,N,1
2026-02-20T20:52:29,codecarbon,f1d04273-00d2-4b78-8700-354d40af5e0b,f1d04273-00d2-4b78-8700-354d40af5e0b,36.04389929771423,1.5740507521144497e-05,0.0004367037925373,22.5,13.521629711489725,5.91331958770752,0.0002251634806394,-8.961118280000016e-07,5.661750638518205e-05,0.0002808848751966,France,FRA,île-de-france,,,Windows-10-10.0.26200-SP0,3.9.13,2.7.2,12,11th Gen Intel(R) Core(TM) i5-11400H @ 2.70GHz,1,1 x GeForce RTX 3050 Ti Laptop GPU,2.3494,48.8558,15.76885223388672,machine,N,1
2026-02-20T20:52:30,codecarbon,f1d04273-00d2-4b78-8700-354d40af5e0b,f1d04273-00d2-4b78-8700-354d40af5e0b,37.03520393371582,1.6391569294529554e-05,0.0004425942766203,22.5,13.827131663003302,5.91331958770752,0.0002313528567552,2.9075023260000007e-06,5.824252809605829e-05,0.0002925028871773,France,FRA,île-de-france,,,Windows-10-10.0.26200-SP0,3.9.13,2.7.2,12,11th Gen Intel(R) Core(TM) i5-11400H @ 2.70GHz,1,1 x GeForce RTX 3050 Ti Laptop GPU,2.3494,48.8558,15.76885223388672,machine,N,1
2026-02-20T20:52:31,codecarbon,f1d04273-00d2-4b78-8700-354d40af5e0b,f1d04273-00d2-4b78-8700-354d40af5e0b,38.04876971244812,1.7076793487444093e-05,0.0004488132892732,22.5,15.080569910275736,5.91331958770752,0.0002376813948154,7.145005716e-06,5.990411727658323e-05,0.000304730517808,France,FRA,île-de-france,,,Windows-10-10.0.26200-SP0,3.9.13,2.7.2,12,11th Gen Intel(R) Core(TM) i5-11400H @ 2.70GHz,1,1 x GeForce RTX 3050 Ti Laptop GPU,2.3494,48.8558,15.76885223388672,machine,N,1
2026-02-20T20:52:32,codecarbon,f1d04273-00d2-4b78-8700-354d40af5e0b,f1d04273-00d2-4b78-8700-354d40af5e0b,39.064478158950806,1.773920170219745e-05,0.0004541005675288,22.5,13.50141864953224,5.91331958770752,0.000244029572606,1.0950564316000005e-05,6.157086688236103e-05,0.0003165510038044,France,FRA,île-de-france,,,Windows-10-10.0.26200-SP0,3.9.13,2.7.2,12,11th Gen Intel(R) Core(TM) i5-11400H @ 2.70GHz,1,1 x GeForce RTX 3050 Ti Laptop GPU,2.3494,48.8558,15.76885223388672,machine,N,1
2026-02-20T20:52:34,codecarbon,f1d04273-00d2-4b78-8700-354d40af5e0b,f1d04273-00d2-4b78-8700-354d40af5e0b,40.578181982040405,1.6065749422360865e-05,0.0003959208776152,22.5,146.14158758515748,5.91331958770752,0.0002534827560186,-3.0022801796e-05,6.322877010079444e-05,0.0002866887243234,France,FRA,île-de-france,,,Windows-10-10.0.26200-SP0,3.9.13,2.7.2,12,11th Gen Intel(R) Core(TM) i5-11400H @ 2.70GHz,1,1 x GeForce RTX 3050 Ti Laptop GPU,2.3494,48.8558,15.76885223388672,machine,N,1
2026-02-20T20:52:34,codecarbon,f1d04273-00d2-4b78-8700-354d40af5e0b,f1d04273-00d2-4b78-8700-354d40af5e0b,41.07319855690002,1.6377624606235788e-05,0.0003987423717085,22.5,12.096727153628322,5.91331958770752,0.0002565766096115,-2.8362800468e-05,6.404023904142758e-05,0.0002922540481849,France,FRA,île-de-france,,,Windows-10-10.0.26200-SP0,3.9.13,2.7.2,12,11th Gen Intel(R) Core(TM) i5-11400H @ 2.70GHz,1,1 x GeForce RTX 3050 Ti Laptop GPU,2.3494,48.8558,15.76885223388672,machine,N,1
2026-02-20T20:52:35,codecarbon,f1d04273-00d2-4b78-8700-354d40af5e0b,f1d04273-00d2-4b78-8700-354d40af5e0b,42.07134199142456,1.7031058194030544e-05,0.0004048137612891,22.5,13.714045577542954,5.91331958770752,0.000262808766961,-2.4570019656e-05,6.567563721337234e-05,0.0003039143845184,France,FRA,île-de-france,,,Windows-10-10.0.26200-SP0,3.9.13,2.7.2,12,11th Gen Intel(R) Core(TM) i5-11400H @ 2.70GHz,1,1 x GeForce RTX 3050 Ti Laptop GPU,2.3494,48.8558,15.76885223388672,machine,N,1
2026-02-20T20:52:36,codecarbon,f1d04273-00d2-4b78-8700-354d40af5e0b,f1d04273-00d2-4b78-8700-354d40af5e0b,43.071314096450806,1.7707710671930157e-05,0.0004111253868938,22.5,15.1366695300809,5.91331958770752,0.0002690519243478,-2.0376682968e-05,6.731381395533828e-05,0.0003159890553352,France,FRA,île-de-france,,,Windows-10-10.0.26200-SP0,3.9.13,2.7.2,12,11th Gen Intel(R) Core(TM) i5-11400H @ 2.70GHz,1,1 x GeForce RTX 3050 Ti Laptop GPU,2.3494,48.8558,15.76885223388672,machine,N,1
2026-02-20T20:52:37,codecarbon,f1d04273-00d2-4b78-8700-354d40af5e0b,f1d04273-00d2-4b78-8700-354d40af5e0b,44.07267713546753,1.836259053106696e-05,0.000416643410942,22.5,13.619124085619276,5.91331958770752,0.0002753104433417,-1.6592235496000003e-05,6.895699212334234e-05,0.000327675199969,France,FRA,île-de-france,,,Windows-10-10.0.26200-SP0,3.9.13,2.7.2,12,11th Gen Intel(R) Core(TM) i5-11400H @ 2.70GHz,1,1 x GeForce RTX 3050 Ti Laptop GPU,2.3494,48.8558,15.76885223388672,machine,N,1
2026-02-20T20:52:38,codecarbon,f1d04273-00d2-4b78-8700-354d40af5e0b,f1d04273-00d2-4b78-8700-354d40af5e0b,45.07464361190796,1.901669479820113e-05,0.0004218934033496,22.5,13.543910306365618,5.91331958770752,0.0002815727338194,-1.2826399150000004e-05,7.060116971498192e-05,0.0003393475043844,France,FRA,île-de-france,,,Windows-10-10.0.26200-SP0,3.9.13,2.7.2,12,11th Gen Intel(R) Core(TM) i5-11400H @ 2.70GHz,1,1 x GeForce RTX 3050 Ti Laptop GPU,2.3494,48.8558,15.76885223388672,machine,N,1
2026-02-20T20:52:39,codecarbon,f1d04273-00d2-4b78-8700-354d40af5e0b,f1d04273-00d2-4b78-8700-354d40af5e0b,46.07442212104797,1.9695499704853624e-05,0.0004274714428996,22.5,15.252788184206237,5.91331958770752,0.0002878174319863,-8.597506878e-06,7.224065957115236e-05,0.0003514605846794,France,FRA,île-de-france,,,Windows-10-10.0.26200-SP0,3.9.13,2.7.2,12,11th Gen Intel(R) Core(TM) i5-11400H @ 2.70GHz,1,1 x GeForce RTX 3050 Ti Laptop GPU,2.3494,48.8558,15.76885223388672,machine,N,1
2026-02-20T20:52:40,codecarbon,f1d04273-00d2-4b78-8700-354d40af5e0b,f1d04273-00d2-4b78-8700-354d40af5e0b,47.0840368270874,2.035603796286204e-05,0.0004323341695959,22.5,13.635501911004804,5.91331958770752,0.000294127523899,-4.777226044000002e-06,7.389740397511183e-05,0.0003632477018301,France,FRA,île-de-france,,,Windows-10-10.0.26200-SP0,3.9.13,2.7.2,12,11th Gen Intel(R) Core(TM) i5-11400H @ 2.70GHz,1,1 x GeForce RTX 3050 Ti Laptop GPU,2.3494,48.8558,15.76885223388672,machine,N,1
2026-02-20T20:52:41,codecarbon,f1d04273-00d2-4b78-8700-354d40af5e0b,f1d04273-00d2-4b78-8700-354d40af5e0b,48.0804443359375,2.1010235109493425e-05,0.0004369808848415,22.5,13.794547511717392,5.91331958770752,0.0003003550708293,-9.650007720000008e-07,7.553159359637506e-05,0.0003749216636537,France,FRA,île-de-france,,,Windows-10-10.0.26200-SP0,3.9.13,2.7.2,12,11th Gen Intel(R) Core(TM) i5-11400H @ 2.70GHz,1,1 x GeForce RTX 3050 Ti Laptop GPU,2.3494,48.8558,15.76885223388672,machine,N,1
2026-02-20T20:57:51,codecarbon,dcca6c18-743e-402d-a051-676e51a14d8a,dcca6c18-743e-402d-a051-676e51a14d8a,0.5123105049133301,2.2564243859046506e-07,0.0004404407803986,22.5,0.0,5.91331958770752,3.2019406557083127e-06,0.0,8.245844177309892e-07,4.026525073439302e-06,France,FRA,île-de-france,,,Windows-10-10.0.26200-SP0,3.9.13,2.7.2,12,11th Gen Intel(R) Core(TM) i5-11400H @ 2.70GHz,1,1 x GeForce RTX 3050 Ti Laptop GPU,2.3494,48.8558,15.76885223388672,machine,N,1
2026-02-20T20:57:52,codecarbon,dcca6c18-743e-402d-a051-676e51a14d8a,dcca6c18-743e-402d-a051-676e51a14d8a,0.9969751834869384,5.324407310959514e-07,0.0005340561529663,22.5,12.289526169446145,5.91331958770752,6.231094896793365e-06,1.651112432e-06,1.6190459251182197e-06,9.501253253911583e-06,France,FRA,île-de-france,,,Windows-10-10.0.26200-SP0,3.9.13,2.7.2,12,11th Gen Intel(R) Core(TM) i5-11400H @ 2.70GHz,1,1 x GeForce RTX 3050 Ti Laptop GPU,2.3494,48.8558,15.76885223388672,machine,N,1
2026-02-20T20:57:53,codecarbon,dcca6c18-743e-402d-a051-676e51a14d8a,dcca6c18-743e-402d-a051-676e51a14d8a,1.996204137802124,1.1860403594444265e-06,0.0005941478313687,22.5,13.668416177912428,5.91331958770752,1.2476275861263276e-05,5.433059902e-06,3.2552167705868365e-06,2.116455253385011e-05,France,FRA,île-de-france,,,Windows-10-10.0.26200-SP0,3.9.13,2.7.2,12,11th Gen Intel(R) Core(TM) i5-11400H @ 2.70GHz,1,1 x GeForce RTX 3050 Ti Laptop GPU,2.3494,48.8558,15.76885223388672,machine,N,1
2026-02-20T20:57:54,codecarbon,dcca6c18-743e-402d-a051-676e51a14d8a,dcca6c18-743e-402d-a051-676e51a14d8a,2.998236656188965,1.866963986249796e-06,0.0006226873327013,22.5,15.262179859136127,5.91331958770752,1.873897910118103e-05,9.676952186e-06,4.899509499588817e-06,3.3315440786769845e-05,France,FRA,île-de-france,,,Windows-10-10.0.26200-SP0,3.9.13,2.7.2,12,11th Gen Intel(R) Core(TM) i5-11400H @ 2.70GHz,1,1 x GeForce RTX 3050 Ti Laptop GPU,2.3494,48.8558,15.76885223388672,machine,N,1
2026-02-20T20:57:55,codecarbon,dcca6c18-743e-402d-a051-676e51a14d8a,dcca6c18-743e-402d-a051-676e51a14d8a,3.990183353424072,2.517819536078137e-06,0.0006310034685292,22.5,13.757564586833231,5.91331958770752,2.493864595890045e-05,1.346389966e-05,6.52722714788941e-06,4.492977276678986e-05,France,FRA,île-de-france,,,Windows-10-10.0.26200-SP0,3.9.13,2.7.2,12,11th Gen Intel(R) Core(TM) i5-11400H @ 2.70GHz,1,1 x GeForce RTX 3050 Ti Laptop GPU,2.3494,48.8558,15.76885223388672,machine,N,1
2026-02-20T20:57:56,codecarbon,dcca6c18-743e-402d-a051-676e51a14d8a,dcca6c18-743e-402d-a051-676e51a14d8a,4.995457172393799,3.175411133510034e-06,0.0006356597652479,22.5,13.631914196556554,5.91331958770752,3.122160732746124e-05,1.7266124923999998e-05,8.176575346997576e-06,5.6664307598458814e-05,France,FRA,île-de-france,,,Windows-10-10.0.26200-SP0,3.9.13,2.7.2,12,11th Gen Intel(R) Core(TM) i5-11400H @ 2.70GHz,1,1 x GeForce RTX 3050 Ti Laptop GPU,2.3494,48.8558,15.76885223388672,machine,N,1
2026-02-20T20:57:57,codecarbon,dcca6c18-743e-402d-a051-676e51a14d8a,dcca6c18-743e-402d-a051-676e51a14d8a,5.992328882217407,3.855266239202096e-06,0.0006433669304505,22.5,15.430486240130756,5.91331958770752,3.74520555138588e-05,2.1532517226e-05,9.811555656474032e-06,6.879612839633283e-05,France,FRA,île-de-france,,,Windows-10-10.0.26200-SP0,3.9.13,2.7.2,12,11th Gen Intel(R) Core(TM) i5-11400H @ 2.70GHz,1,1 x GeForce RTX 3050 Ti Laptop GPU,2.3494,48.8558,15.76885223388672,machine,N,1
2026-02-20T20:59:34,codecarbon,fd609252-336b-4ca0-b72f-75291a3cbee4,fd609252-336b-4ca0-b72f-75291a3cbee4,0.0024929046630859,2.25866128017182e-08,0.0090603596423773,22.5,1393.4209320044515,5.91331958770752,1.558065414428711e-08,3.858336420000005e-07,1.6373786129027695e-09,4.030516747571904e-07,France,FRA,île-de-france,,,Windows-10-10.0.26200-SP0,3.9.13,2.7.2,12,11th Gen Intel(R) Core(TM) i5-11400H @ 2.70GHz,1,1 x GeForce RTX 3050 Ti Laptop GPU,2.3494,48.8558,15.76885223388672,machine,N,1
2026-02-20T20:59:35,codecarbon,fd609252-336b-4ca0-b72f-75291a3cbee4,fd609252-336b-4ca0-b72f-75291a3cbee4,0.9899590015411376,6.74450103556945e-07,0.0006812909448845,22.5,14.063202796833629,5.91331958770752,6.180223822593689e-06,4.2350033879999984e-06,1.6201428630504704e-06,1.2035370073644158e-05,France,FRA,île-de-france,,,Windows-10-10.0.26200-SP0,3.9.13,2.7.2,12,11th Gen Intel(R) Core(TM) i5-11400H @ 2.70GHz,1,1 x GeForce RTX 3050 Ti Laptop GPU,2.3494,48.8558,15.76885223388672,machine,N,1
2026-02-20T20:59:36,codecarbon,fd609252-336b-4ca0-b72f-75291a3cbee4,fd609252-336b-4ca0-b72f-75291a3cbee4,2.0171282291412354,1.3414069915434909e-06,0.0006650082885977836,22.5,13.358785087175804,5.91331958770752,1.259377896785736e-05,8.039173097999998e-06,3.304073782988818e-06,2.3937025848846173e-05,France,FRA,île-de-france,,,Windows-10-10.0.26200-SP0,3.9.13,2.7.2,12,11th Gen Intel(R) Core(TM) i5-11400H @ 2.70GHz,1,1 x GeForce RTX 3050 Ti Laptop GPU,2.3494,48.8558,15.768852233886719,machine,N,1
